title;artist;lyrics
クリスマス・イブ(kurisumasuibu);山下達郎;雨は夜更け過ぎに雪へと変わるだろうSilent night, Holy nightきっと君は来ないひとりきりのクリスマス・イブSilent night, Holy night心深く秘めた想い叶えられそうもない必ず今夜なら言えそうな気がしたSilent night, Holy nightまだ消え残る君への想い夜へと降り続く街角にはクリスマス・トゥリー銀色のきらめきSilent night, Holy night雨は夜更け過ぎに雪へと変わるだろうSilent night, Holy nightきっと君は来ないひとりきりのクリスマス・イブSilent night, Holy night
RIDE ON TIME(raidoontaimu);山下達郎;青い水平線をいま駆け抜けてくとぎすまされた時の流れ感じてAHときめきへと動き出す世界は忘れかけてた遠い夢の訪れRIDE ON TIMEさまよう想いならやさしく受け止めてそっと包んでRIDE ON TIME心に火を点けてあふれる喜びに拡がれRIDE ON TIME僕の輝く未来さあ回り始めて虚ろな日々も全て愛に溶け込むAH何という朝今すぐ君のもと届けに行こう燃える心迷わずRIDE ON TIME時よ走り出せ愛よ光り出せ 目もくらむ程RIDE ON TIME心に火を点けて飛び立つ魂に送るよRIDE ON TIME届けに行こう燃える心今こそRIDE ON TIME時よ走り出せ愛よ光り出せ 目もくらむ程RIDE ON TIME心に火を点けて飛び立つ魂に送るよRIDE ON TIME
ずっと一緒さ(zuttoisshosa);山下達郎;抱きしめてしじまの中であなたの声を聞かせてこびりつく涙を融かして冬はもうすぐ終わるよいくつもの悲しみをくぐリ抜けたそのあとでつないだ手の温かさが全てを知っているあなたとふたりで生きて行きたいそれだけで何もいらない昼も夜も夢の中までずっとずっと一緒さ傷付いた心のかけらをひとつ残らずひろって愛という不思議なジグソーつなぐ欠片(ピース)を探すよ本当の強さは「ひとりじゃない」って言えること風の中で寄り添う花のように秘めやかにあなたとふたりで生きて行けたら何度でも生まれ変われるたどリ着いた僕らの場所でずっとずっと一緒さあなたとふたりで生きて行きたいそれだけで何もいらない時の海に未来を浮かべずっとずっとずっと一緒さずっとずっと一緒さずっと一緒さ…
僕らの夏の夢(bokuranonatsunoyume);山下達郎;あの丘の向こうに僕らの夏がある変わらないもの美しいものすべてそこにある太陽の行方を向日葵が追いかける風の音さえ聞こえないほど僕らは見つめ合う心と心を重ねて光の滴で満たして手と手を固く結んだら小さな奇跡が生まれる信じて欲しいんだ未来が見えるんだ君の瞳に空の碧さが映るそのたびに零戦が空を飛ぶはるかな時代から僕らがここで出会えることもきっと決まってた幾千の愛の記憶を僕らは辿って行こうよとこしえに君を守るよ僕らの歴史が始まるOh運命がここからどこへと向かおうと雲に描いた白い約束決して忘れない心と心を重ねて僕らは夏の夢を見る手と手を固く結んだら小さな奇跡が生まれる僕らの奇跡が生まれる真夏の奇跡が…(Mother of Summer)(We are together …)
さよなら夏の日(sayonaranatsunohi);山下達郎;波打つ夕立のプールしぶきを上げて一番素敵な季節がもうすぐ終わる「時が止まればいい」僕の肩でつぶやく君見てたさよなら夏の日いつまでも忘れないよ雨に濡れながら僕等は大人になって行くよ瞳に君を焼き付けた尽きせぬ想い明日になればもうここには僕等はいない巡る全てのもの急ぎ足で変わって行くけれど君を愛してる世界中の誰よりも言葉じゃ言えないもどかしさ伝えたいよ今もごらん最後の虹が出たよ空を裸足のまま駆けて行くどうぞ変らないでどんな未来訪れたとしてもさよなら夏の日いつまでも忘れないよ雨に濡れながら僕等は大人になって行くよさよなら夏の日僕等は大人になって行くよ
SPARKLE(supakuru);山下達郎;七つの海から集まって来る女神達のドレスに触れた途端に拡がる世界は不思議な輝きを放ちながら心へと忍び込む高くて届かぬ愛の行方も夜を担う夕闇降り始めたら素敵なざわめき心に投げ掛けてただ懐かしい思い出に摩り替えるSparkle in my heartWonder in your world
希望という名の光(kiboutoiunanohikari);山下達郎;この世でたったひとつの命を削りながら歩き続けるあなたは自由という名の風底知れぬ闇の中からかすかな光のきざし探し続ける姿は勇気という名の船だからどうぞ泣かないでこんな古ぼけた言葉でも魂で繰り返せばあなたのため祈りを刻める眠れない夜のために子守歌があるように傷付いた心には愛という名の絆をA Ray Of Hope For YouA Ray Of Hope For MeA Ray Of Hope For LifeFor Everyone運命に負けないでたった一度だけの人生を何度でも起き上がって立ち向かえる力を送ろうどうぞ忘れないで移ろう時代(とき)の中からあなたを照らし続ける希望という名の光をあなたを照らす光を希望という名の光をA Ray Of Hope For YouA Ray Of Hope For MeA Ray Of Hope For LifeFor Everyone…
蒼氓(soubou);山下達郎;遠く翳る空からたそがれが舞い降りるちっぽけな街に生まれ人混みの中を生きる数知れぬ人々の魂に届く様に凍りついた夜にはささやかな愛の歌を吹きすさんだ風に怯えくじけそうな心へと泣かないでこの道は未来へと続いている限りない命のすきまをやさしさは流れて行くもの生き続ける事の意味誰よりも待ち望んでいたいさみしさは琥珀となりひそやかに輝き出す憧れや名誉はいらない華やかな夢も欲しくない生き続ける事の意味それだけを待ち望んでいたいTo find out the truth of life!たそがれが降りて来る歌声が聴こえて来る…La La La La…
YOUR EYES(yuaaizu);山下達郎;I'm dreamingand in my dream, I see your eyes They fill my heart with heavenI'm flyingand in the sky, I see your eyes They answer all my longingfor youI've always lived my life in fantasyNo chance to take, no heart to breakBut now you take my hand and,you make me understandthat two dreams, can join togetherIt's morningand as I wake, I see your eyes They are my reason, they are my answer nowBecause I love youThe one who made my dreams come true
DONUT SONG(donatsusongu);山下達郎;逢ったその日に虜になってだけどうまく言えなくてふたりドーナツ・ショップさ夏の公園通りが揺れるまるでカタパルト燃える風と転がる坂道シャイなハートで駆け昇るOH君とだけドーナツOH食べたいなドーナツOH甘いキスドーナツOHその先はドーナツ僕はツイスト君にはハニーディップ最後は二人でエンゼルクリームOH晴れた空ドーナツOH穴が開くドーナツ今日が特別な日でもないしまして未来のことなど僕にわかるはずもない今はステディじゃなくていいよいつかチャンスが来るまで君のほほえみのそばにいれるだけで幸せさOH君とだけドーナツOH食べたいなドーナツOH顔中にドーナツOH砂糖つけてドーナツせまるツイストよろめくハニーディップいつかはとろけるエンゼルクリームOH君のことドーナツOH好きなのさドーナツOHだから君とだけドーナツOH食べたいのさドーナツOHそうさ君とだけドーナツOH食べたいのさドーナツOH甘いキスドーナツOHその先もドーナツOH君とだけドーナツOH食べたいなドーナツOH甘いキスドーナツOHその先はドーナツ OH Do-Do-Do-Do-Doドーナツ OH Do-Do-Do-Do-DoドーナツOHDo-Do-Do-Do-DoドーナツOHDo-Do-Do-Do-Doドーナツ
あまく危険な香り(amakukikennakaori);山下達郎;あなたの思わせぶりな口づけは耐え切れぬ程の苦しさ心は暗がりの扉の影で報われぬ愛の予感に震える息をひそめた夜にまぎれて忘れかけてた愛の香りよいちどは傷ついたはずの心で信じ合えるにはあまりに悲し過ぎる二度と振り向く事は出来ないあまく危険な愛の香りよあなたに取り戻す日々はもうないそっと目かくしのふりして通り過ぎる
RECIPE (レシピ)(reshipi);山下達郎;君のため選んだしあわせのレシピを始めよう今夜もキャンドルを灯してやすらぎのスープに今日の日を溶かしてくちづけのテリーヌにはげましのジュレ添えてさみしさを炙ってとまどいを煮込めば僕と君の想いやがてひとつに薫り出すゆううつなスパイスもほほえみのポトフに投げ込んでしまえれば形も残らない君としあわせのレシピでしあわせを作ろうよしあわせのレシピで愛をもっと味わいたいやさしさのムニエル美しいマリネ胸焦がすグリエ匂い立つフロマージュこぼれ出る心ひとつまみのジェラシーいつかみんな混ざり合ってきれいな愛になるとびきりのキュイジーヌおやすみのブリュレをもうひとつ今夜はまどろみをほおばって夢へと届くように君としあわせのレシピでしあわせになろうよしあわせのレシピで君をもっと味わいたいしあわせのレシピでしあわせを作ろうよしあわせのレシピで愛をもっと味わいたいしあわせのレシピでしあわせになろうよしあわせのレシピで君をもっと味わいたいしあわせのレシピで…
Christmas Eve -English Version(kurisumasuibuingurisshubajon);山下達郎;All alone I watch the quiet rainWonder if it's gonna snow againSilent night, Holy nightI was prayingyou'd be here with meBut Christmas Eve ain't what it used to be Silent night, Holy nightIf you were beside me Then I could hear angelsAnd I'd give you rainbows,for Christmas Somewhere far away the sleighbells ring I remember when we used to sing Silent night, Holy night I keep you inside me Oh the truth is unspoken So my heart won't be broken,on Christmas They lit the trees along the avenue Twinkling silver with a touch of blue Silent night, Holy night All alone I watch the quiet rain Wonder if it's gonna snow again Silent night, Holy night I was praying you'd be here with me But Christmas Eve ain't what it used to be Silent night, Holy night
高気圧ガール(koukiatsugaru);山下達郎;なめらかな白い砂は溜息の照り返ししなやかな南風は舞い上がる長い髪2000マイル飛び越えて迎えに来たのさ“Come With Me”連れて行っておくれどこまでも高気圧ガール…永遠のひるさがりにくちづけの虹をかける目くばせに指をからめ華やかな愛をくれる限りない夏の匂い両手に抱えて“Come With Me”離さないよ君をもう二度と高気圧ガール…終わりなき夏の色を僕にいつまでも変わらぬ愛添えて2000マイル飛び越えて僕に囁くのさ“Come With Me”連れて行っておくれ今すぐに高気圧ガール…
GET BACK IN LOVE(gettobakkuinrabu);山下達郎;誰もいない風の道を見つめていた朝の事を思い出して僕等は又ここで出会った薄明かりのガラス窓にいつか落ちた雨のひとすじが浮かんでいる全てが皆移り変わって行ってもGET BACK IN LOVE AGAINもう一度僕を信じて思い出にしたくないあなたを…止まらないで過ぎた日々に残して来た悲しみの数を数えないであなたはまだひとりきりじゃないから GET BACK IN LOVE AGAINもう一度僕を愛して想い出は欲しくないあなたを取り戻したい遠ざかる記憶でさえ奪えないものがあるGET BACK IN LOVE AGAINもう一度僕を信じて想い出にしたくないあなたを取り戻したいGET BACK IN LOVE AGAINもう一度僕を愛して想い出は欲しくないあなたを取り戻したい
LOVELAND,ISLAND(raburandoairando);山下達郎;Oh, Loveland目くるめく夏の午後誰もが木陰に逃げ込んでた焼けつく石畳の彼方に揺らめく逃げ水の中から燃えるようなステップに身を任せ現れた人は…Oh, Loveland頬に零れる汗が乾いた道の上に落ちると突然こんな砂漠の街が南のオアシスに変わるOh, Islandきっとあの人のせいあなたの瞳を向けてOh, Love land, Oh, Island I love you, I love you夢の後 辿る様に気が付くと見えなくなっていたOh, Love land ふいに現れ消えたあの人きっと夏の女神さ光の愛はここにもあるとOh, Loveland教えに来たんだOh, Loveland, Oh, IslandI love you, I love you
ヘロン(heron);山下達郎;どんなにさみしい夜もやさしい声が聞こえるにじんだ瞳の中で小さな未来が生まれる心よ目を覚ませ見果てぬ夢を数えながらもうすぐ夜明けが来る鳴かないでヘロン雨を呼ばないでこの街を柔らかな光満たすまで太陽のリボンもう消さないでいつかきっと永遠をつかむその日まで流れる時に抗い命を燃やし続ける全ての孤独な人よ涙は言霊になる明日を待っている色鮮やかにあのホライズン貫いて夜明けが来る飛び立てヘロン金色の空へゆるやかに舞い踊れ風を追いながら沸き立てイオン浴びせてよもっとこの想い朝もやの中に溶けるまで(No rain, No rain…)
FOREVER MINE(foebamain);山下達郎;僕だけがあなたを守れるこの世界でひとり僕だけがあなたを愛せる他のどんな誰より絹の雨に濡れながら夜明けまでずっと抱きしめていたいこのままさあ僕の胸で腕の中で忘れていた夢の続きをさあ呼びさまして溶けて行こう僕と本当の愛の静寂(しじま)へいつだってあなたを見ていたいくじなしの黄昏強がりと孤独なプライド全てはもう幻二度と目覚めなくていい美しい横顔に崩れ去ってしまえるさあ時の中へあなたは今ありのままの自分に還(もど)るさあくちづけして墜ちて行こう僕と永遠の愛の静寂(しじま)へ悲しみを強さに変え暗闇に虹を灯すいつか絹の雨に濡れながら夜明けまでずっと抱きしめていたいこのままFOREVER MINEさあ僕の胸で腕の中で忘れていた夢の続きをさあ呼びさまして溶けて行こう僕と本当の愛の静寂(しじま)へさあくちづけして墜ちて行こう僕と永遠の愛の静寂(しじま)へ本当の愛の静寂(しじま)へFROM NOW ONYOU'RE MINE, YOU'RE MINEAND FOREVER MINE
Endless Game(endoresugemu);山下達郎;心のきしむ音が聞こえるでしょ重ねた白い指がふるえたから抱きしめてもう一度なんて狂おしい誘惑悲しみをふり払い夜の中に溶けていたいいつかはこんな風になる気がしたあなたのそのくちびるまぶし過ぎてもう何も言わないでそれが愛と呼べなくてもあふれるこの想いを今は誰も止められない終わりのないゲーム(It's The Endless Game)あなたはまるで夜明けの街並みへとやがてあなたは消えて行く途切れた夢のかけらここに置き去りにしたまま抱きしめてもう一度なんて狂おしい誘惑悲しみをふり払い夜の中に溶けていたい
街物語(まちものがたり)(machimonogatari);山下達郎;路地裏の子供たちは知らぬ間に大人になって本当の愛のことを少しずつ知り始めるたそがれにときめいて雨音をさみしがるあいまいな季節さえもたまらなく今いとおしいめぐり逢い惹かれ合い「幸せになろうね」ってささやいてこの街の物語になっていく不器用な恋の記憶AND THE LIFE GOES ONAND THE LIFE GOES ON...さよならは終わりじゃない想い出は消せないからこの道で二人して小さな空を見上げていたきらめきが色あせてもぬくもりは残っているアスファルトに君の影が焼き付いたまま潤んでる手を振ってほほえんで「幸せになってね」ってつぶやいて僕はまたもう一度歩き出そうこの街で生きていこうAND THE LIFE GOES ONAND THE LIFE GOES ON...君のこと忘れない大切なこともらった本当の愛のかたち今はまだ見えなくても物語は続いていくめぐり逢い愛し合いいつかまた離れていく手探りででも胸を張り僕はまた歩き出すよこの街で生きていくよ物語は続いていく物語は続いていく...AND THE LIFE GOES ONAND THE LIFE GOES ON...
いのちの歌(inochinouta);竹内まりや;生きてゆくことの意味問いかけるそのたびに胸をよぎる愛しい人々のあたたかさこの星の片隅でめぐり会えた奇跡はどんな宝石よりもたいせつな宝物泣きたい日もある絶望に嘆く日もそんな時そばにいて寄り添うあなたの影二人で歌えば懐かしくよみがえるふるさとの夕焼けの優しいあのぬくもり本当にだいじなものは隠れて見えないささやかすぎる日々の中にかけがえない喜びがあるいつかは誰でもこの星にさよならをする時が来るけれど命は継がれてゆく生まれてきたこと育ててもらえたこと出会ったこと笑ったことそのすべてにありがとうこの命にありがとう
人生の扉(jinseinotobira);竹内まりや;春がまた来るたびひとつ年を重ね目に映る景色も少しずつ変わるよ陽気にはしゃいでた幼い日は遠く気がつけば五十路を越えた私がいる信じられない速さで時は過ぎ去ると知ってしまったらどんな小さなことも覚えていたいと心が言ったよI say it's fun to be 20You say it's great to be 30And they say it's lovely to be 40But I feel it's nice to be 50満開の桜や色づく山の紅葉をこの先いったい何度見ることになるだろうひとつひとつ人生の扉を開けては感じるその重さひとりひとり愛する人たちのために生きてゆきたいよI say it's fine to be 60You say it's alright to be 70And they say still good to be 80But I'll maybe live over 90君のデニムの青が褪せてゆくほど味わい増すように長い旅路の果てに輝く何かが誰にでもあるさI say it's sad to get weakYou say it's hard to get olderAnd they say that life has no meaningBut I still believe it's worth livingBut I still believe it's worth living
駅(eki);竹内まりや;見覚えのあるレインコート黄昏の駅で胸が震えたはやい足どりまぎれもなく昔愛してたあの人なのね懐かしさの一歩手前でこみあげる苦い思い出に言葉がとても見つからないわあなたがいなくてもこうして元気で暮らしていることをさり気なく告げたかったのに……二年の時が変えたものは彼のまなざしと私のこの髪それぞれに待つ人のもとへ戻ってゆくのね気づきもせずにひとつ隣の車輌に乗りうつむく横顔見ていたら思わず涙あふれてきそう今になってあなたの気持ち初めてわかるの痛いほど私だけ愛してたこともラッシュの人波にのまれて消えてゆく後ろ姿がやけに哀しく心に残る改札口を出る頃には雨もやみかけたこの街にありふれた夜がやって来る
元気を出して(genkiwodashite);竹内まりや;涙など見せない強気なあなたをそんなに悲しませた人は誰なの？終りを告げた恋にすがるのはやめにしてふりだしからまた始めればいい幸せになりたい気持ちがあるなら明日を見つけることはとても簡単少しやせたそのからだに似合う服を探して街へ飛び出せばほらみんな振り返るチャンスは何度でも訪れてくれるはず彼だけが男じゃないことに気付いてあなたの小さなmistakeいつか想い出に変わる大人への階段をひとつ上ったの人生はあなたが思うほど悪くない早く元気出してあの笑顔を見せて
シングル・アゲイン(shinguruagein);竹内まりや;あなたを連れ去るあの女性(ひと)の影に怯えて暮らした日々はもう遠い離れてしまえば薄れゆく記憶愛していたのかも思い出せないほどよまた独りに返ったと風の便りに聞いてから忘れかけた想いが胸の中でざわめく私と同じ痛みをあなたも感じてるなら電話ぐらいくれてもいいのに変わり続けてく街並のようにもとには戻れない若き日のふたり彼女を選んだ理由(わけ)さえ聞けずにただ季節は流れ見失った約束もし再び出会って瞳を探り合っても隔てた時間(とき)を埋めるすべは何ひとつない手放した恋を今あなたも悔やんでるならやっと本当のさよならできる
カムフラージュ(kamufuraju);竹内まりや;友達以上の気持ち胸に閉じ込めてきたけれど心がもう嘘をつけなくてこんなに切ないふとした仕草に潜むあなたの想いを確かめる長い間言えずにいたこともしかしたら私と同じだと…にぎわう街の音がかすかに聞こえるこの部屋に今二人だけあなたの好きなコーヒーと煙草の香りに秘められた淡い予感やさしいだけじゃ物足りなくて本当のことを打ち明けたくなる恋人と呼べる相手(ひと)をお互いに持っていたけれど心の奥わかり合えなくて孤独に怯えた密かに抱えた傷を何故かあなただけ癒せるの遥か昔何処かで出会ってたそんな記憶何度も甦る瞳と瞳が合って指が触れ合うその時すべての謎は解けるのよ黙ったままで早く唇奪ってやっと言える「好きだった」とずっと近くにいてくれたのに欺いてきた私を許してもしも世界が明日終わり迎えてもあなたがいれば怖くない昨日までの涙と偽りを捨てて新しい私になるあたためてきたこの絆こそ隠せはしない愛の形なのI've been looking for your loveSo, we've found the way at last
純愛ラプソディ(jun'airapusodi);竹内まりや;明るいだけが取り柄でも私だって命がけの恋に憧れることがあるドラマティックな出来事は起こるはずもないくらいに平凡を生きてきたあなたとの出逢いの日を境にしてすべてが輝き始めて 想いは募るばかり愛し方何ひとつ知らないままで飛び込んだぬくもりは他の誰かのものだけどタイムカードを押すたびにふと感じる物足りなさ いつしか消えてたの恋の舞台に上がっても脇役しかもらえなくて セリフはいつでもひとり言見えぬ鎖につながれたあなたの心奪うのは ルール違反でしょうか遅すぎためぐり逢いを 悔やみながら過去にやきもち焼いたって戻せない時までは片づいてゆく仲間達に ため息どこまでも主役にはなれない私でもいいの人をこんなに好きになり優しさと強さ知ったわ それだけで幸せ形では愛の深さは測れないさよならが永遠の絆に変わることもある二度と会えないふたりでも胸の中で生き続ける 大好きな微笑みSo, I sing this rhapsody for youSo, I sing this rhapsody for you
プラスティック・ラブ(purasuteikkurabu);竹内まりや;突然のキスや熱いまなざしで恋のプログラムを狂わせないでね出逢いと別れ上手に打ち込んで時間がくれば終わる don't hurry！愛に傷ついたあの日からずっと昼と夜が逆の暮らしを続けてはやりのDiscoで踊り明かすうちにおぼえた魔術なのよ I'm sorry！私のことを決して本気で愛さないで恋なんてただのゲーム楽しめばそれでいいの閉ざした心を飾る派手なドレスも靴も孤独な友だち私を誘う人は皮肉なものねいつも彼に似てるわなぜか思い出と重なり合うグラスを落として急に涙ぐんでもわけは尋ねないでね夜更けの高速で眠りにつくころハロゲンライトだけ妖しく輝く氷のように冷たい女だとささやく声がしても don worry！I'm just playing games I know that's plastic love Dance to the plastic beat Another morning comesI'm just playing games I know that's plastic loveDance to the plastic beat Another morning comes
すてきなホリデイ(sutekinahoridei);竹内まりや;近づいている冬の足音耳を澄ませば聞こえる鈴の音…寝ぼけた頭に響く目覚ましを手さぐりで止めたあと雪の気配始まりを告げるすてきな季節がHappy holidays, happy holidaysWhat a glorious time of year!すやすやと眠る子供達の手に抱かれたテディベアももう待ちきれないクリスマスが今年もやって来る悲しかった出来事を消し去るようにさあパジャマを脱いだら出かけよう少しずつ白くなる街路樹を駆け抜けて華やぎ始めた街は急ぎ足贈り物決まる頃黄昏れてくかじかんだ指をママが温めるねHappy holidays, happy holidaysWhat a glorious time of year!大切なものはみんなそばにある穏やかな毎日が続くぜいたくクリスマスがもうじきやって来るうれしさをかくせない犬や猫までもみの木に灯る明かりをうけていつもよりやさしそうなパパの目が笑ってるクリスマスは誰にもやって来るもしひとりぼっちでも淋しがらずに心に住むサンタに呼びかけて幼い頃の夢を思い出してごらんよクリスマスが今年もやって来る悲しかった出来事を消し去るようにさあパジャマを脱いだら出かけよう少しずつ白くなる街路樹を駆け抜けて Happy happy holidays
告白(kokuhaku);竹内まりや;Why?寝つかれぬ夜鳴り響く電話のベルSigh…虚ろな耳に懐かしいあなたの声Ah,とまどう心で上手な返事を探せば長い月日飛び越えてときめくのよ違う道を選んだあなたに今ごろ愛打ち明けられてもひき返せないと知ってるからこの暮らし壊さないでWhy?強いあなたが寂しさに負けるなんてLie!人恋しさは年をとったしるしでしょAh,無邪気になれない出会った昔のようには受話器置いてせつなさに泣き崩れた女心はいつも言葉と裏はらな企み隠してるどんなに遅すぎても告白待ちわびて生きているのAh,失ったあとで真実に気付くのは何故それでもまた朝は来る知らぬ顔でもしもワインの酔いが醒めても本気で好きとつぶやいたこと心の片隅に覚えてて密やかな恋の証
September(seputenba);竹内まりや;辛子色のシャツ追いながら飛び乗った電車のドアいけないと知りながら振り向けば隠れた街は色づいたクレヨン画涙まで染めて走る年上の人に会う約束と知っててSeptemberそしてあなたはSeptember秋に変わった夏の陽射しが弱まるように心に翳がさしたSeptemberそして九月はSeptemberさよならの国解きかけてる愛の結び目涙が木の葉になる会ってその人に頼みたい彼のこと返してねとでもだめね気の弱さくちびるも凍えるSeptemberそしてあなたはSeptember秋に変った話すことさえなくなるなんて私に飽きた証拠Septemberそして九月はSeptemberさよならの国めぐる季節の色どりの中一番淋しい月借りていたDictionary明日返すわ“Love”という言葉だけ切り抜いた後それがGood bye, good byeSeptemberそしてあなたはSeptember秋に変った私ひとりが傷つくことが残されたやさしさねSeptemberそして九月はSeptemberさよならの国トリコロールの海辺の服も二度と着る事はない
家に帰ろう ～マイ・スイート・ホーム～(uchinikaeroumaisuitohomu);竹内まりや;恋するには遅すぎると言われる私でも遠いあの日に迷い込みたい気分になるのよキスすることもなくなった初恋のあなたが嫌いになったわけじゃないけど素直になれないの冷蔵庫の中で凍りかけた愛を温めなおしたいのに見る夢が違う着る服が違ういちどは信じ合えたふたりなら心帰る場所はひとついつものMy sweet sweet home幻だけの恋ならば100回でもできるそれならふたりここで暮らそう100才になるまで居心地の良さに決して甘えないでやさしさも忘れないで好きな歌違う選ぶ絵も違うでもいちばん私を知っている見飽きたはずのあなたでもいとしいMy sweet sweet home
マンハッタン・キス(manhattankisu);竹内まりや;don disturb閉ざされたドアの中だけが私になれる場所ここであなたが見せる優しさに偽りはないけどどうしてこんなに寂しい夜明けの足音近づいてくると何もかもまるでなかったようにシャツを着る愛しい背中眺めるの私より本当はもっと孤独な誰かがあなたの帰り待ってるわすれ違う心の奥見透かしながらひとり残された部屋の窓の外手を振る気もなくて霞む摩天楼の彼方天使が涙で覗き込むどうして愛してるだけじゃ満たされなくなる愛されるまでは長過ぎる一日をもてあまし彷徨えば哀しいくらい自由なの街の灯が夕闇に点り始める頃にあなたもきっと感じてるほろ苦い昨夜のキスのその余韻をどうしてあなたじゃなきゃ駄目声かける人はたくさんいるのにできるなら知り合う前の私に戻って置いてきた夢探したいいつの日か遠い思い出だと笑い合えるそんな時がくるのかしら明日さえ手探りで 生きるふたりにもTill I hear you say you love medon disturb.
もう一度(mouichido);竹内まりや;夜毎 つのる想いに胸を熱くした日々 ただあなたの そばにいれば幸せだったのに重ねた時がいつしか私を変えてた同じさみしさを今ふたり 分け合っているだけすれ違いの愛で 失った言葉がもうすぐ きっと よみがえるからこのまま 離れずに傷つけあうより 素直な心と微笑み選んだの優しさ忘れて暮らしていた事 初めて気づいたの部屋を出て行く勇気とても持てないけれど でも少しだけ あなたを心配させてみたい輝いていた頃の私に再び戻って 再び戻って夜毎 つのる想いに胸を熱くした日々・・・・
ウイスキーが、お好きでしょ(uisukigaosukidesho);竹内まりや;ウイスキーがお好きでしょもう少ししゃべりましょありふれた話でしょそれでいいの今は気まぐれな星占(うらな)いがふたりをめぐり逢わせ消えた恋とじこめた瓶をあけさせたのウイスキーがお好きでしょこの店が似合うでしょあなたは忘れたでしょ愛し合った事もウイスキーがお好きでしょからかっているんでしょそれとも酔ってるでしょそれは私かしら比べたりしないでねあの頃の私と見つめたりしないでねあの頃の瞳でウイスキーがお好きでしょもう少ししゃべりましょありふれた話でしょそれでいいの今はそれでいいの今はそれでいいの今は
幸せのものさし(shiawasenomonosashi);竹内まりや;Count what you have now, don count what you don haveがんばりすぎる自分に疲れてふと泣けてきた真夜中のバスルームでまだ手にしたことのない幸せがどこかにある気がして焦るのは年のせい?ひとり楽しく生きてきたの何ひとつ悔やんでないけど曇った鏡のように明日が見えない(Can you see? Can you see?)自由と孤独はふたつでセット気ままなほど寂しさもついてくる( Don you know? Don you know?)隣の芝生が青く見えたらこの庭に花を植えればいいないものねだりしながらみんな迷って生きてる大人になってからも足元に咲いたきれいな花に気づくだけで人はうれしい気持ちになれるのにいつか胸の奥に抱えたジレンマの迷路抜ければ本当に大事なもの知る日が来るだろう( Can you see? Can you see?)どんな道を選んだとしても悩みの数同じだけついてくる(You can choose You can choose)私が決める私のプライオリティ何を取って何を諦めるの( Can you see? can you see?)幸せの基準はかるものさし自分の心の中にあるのさ(You can find You can find)足りないもの数えるくらいなら足りてるもの数えてごらんよ!Count what you have now, don count what you don haveCount what you have now Don ' t count what you don haveFind that you have so much
うれしくてさみしい日(Your Wedding Day)(ureshikutesamishiihiyuauedingudei);竹内まりや;バージンロード進んでゆく晴れ姿が涙で見えないあなたと共に過ごした思い出を今かみしめてる喜びととまどい感じて小さな指を見つめてたあの日がまるで昨日のように鮮やかによみがえるベール越しに輝く瞳大好きな彼が守ってくれるわめぐり会えた二人の奇跡大切にしながら愛していつまでも願うことはただ一つどんな時も支え合って笑顔絶やさずにいてねパパと私がそうだったようにこれからは彼と一緒に新しい歴史を刻むあなたがくれた楽しい日々への「ありがとう」があふれ出すその門出に拍手送らせて素敵な未来が待ってるように私たちにとっては今日が最高にうれしくてさみしい日Your Wedding Dayあなたの選んだ人だものきっと幸せになってね役目終えた私たちから贈るメッセージは心からの「おめでとう！」心からの「おめでとう！」
今夜はHearty Party(konyahahateipatei);竹内まりや;地下鉄乗り継いでたどり着くオフィスお茶を配るだけのサエない毎日夢に描いた暮しとはほど遠い場所にいるけど私なりに幸せ感じてるプラチナ色に輝く街の灯り昔の仲間が待つ店へと急ぐ積もった話聞かせたい別れた恋人のことも今夜ぐらい陽気に騒ごうよ(Da-da-da dance now!)みんながそろったらWe're gonna have a hearty party tonight忘れかけた笑顔とり戻すのよささやかなひととき踊り始めたら時間も悩みも消えてくまた明日から元気になれそうLet's have a party, hearty partyフラれることは覚悟していたけれどいざお別れと言われたら泣けてきた私の良さがわからないなんて不幸なヤツだろうひとりきりの夜は長くて(Te-te-te telephone!)みんなが集まればWe're gonna have a hearty party tonightグチだらけの私をなぐさめてよ愛すべき友達誰か歌い出せば涙もどこかへ飛んでくあっというまに立ち直れちゃうのSo,have a party,hearty party (Si-si-si Si-si-si sing s song!)みんなに会えるからWe're gonna have a hearty party tonightワイングラス触れ合う音の中で 心に誓ったの今度こそ本当のすてきな恋つかまえようキムタクさえもかすむような男Let's fall in loveいつか出逢えるあなたを夢見て…Let's have a party,hearty party
不思議なピーチパイ(fushiginapichipai);竹内まりや;思いがけないGood timing 現われた人は Good looking巻きこまれそうな今度こそはそれならそれでI'm ready for loveふりそそぐ陽ざしもWow wow wow good timing恋は初めてじゃないけれども恋はその度ちがうわたしをみせてくれる不思議な不思議なピーチパイかくしきれない気分はピーチパイわたしの気持は七色に溶けていい事ありそな気分はピーチパイ春のざわめきが手のひらに舞う街を歩けばGood timingときめくハートがその証拠人生が今キラキラと近づいてくるI've got my feeling あの人のイメージはWow wow wow good timing 恋は初めてじゃないけれども恋はその度ちがうわたしをみせてくれる不思議な不思議なピーチパイ光にゆれる気分はピーチパイ私の体をバラ色に染めて恋が始まる予感はピーチパイ小さな私の宇宙はまわる光にゆれる気分はピーチパイ私の体をバラ色に染めてそして不思議な気分はピーチパイちょっとまぶしい大人の世界を
恋の嵐(koinoarashi);竹内まりや;ふと触れた指先に心が揺れる夜は秘め続けた想いさえも隠せなくなる友達でいたいけど動き出したハートはもうこのまま止められない罪の始まりDance, Dance, Dance,頬を寄せて強く抱いてステップ踏むのChance, Chance, Chance,まだ今なら帰る場所を選べるわあなたの車に乗り駆け抜ける雨の街涙色に輝いてるせつないくらい二人を急かすように降り続く雨の音誰もいない駐車場で止めたエンジンRain, Rain, Rain 窓を打ってもっと降って嵐を呼んで Pain, Pain, Pain 恋するほどついてくるの哀しみも Dance, Dance, Dance,頬を寄せて強く抱いてステップ踏むの Chance, Chance, Chance,まだ今なら帰る場所を選べるわRain, Rain, Rain窓を打ってもっと降って嵐を呼んでPain, Pain, Pain胸の痛み熱いキスで忘れたい
オリビアを聴きながら(oribiawokikinagara);杏里;お気に入りの唄一人聴いてみるのオリビアは淋しい心なぐさめてくれるからジャスミン茶は眠り誘う薬私らしく一日を終えたいこんな夜出逢った頃はこんな日が来るとは思わずにいた Making good things betterいいえすんだこと時を重ねただけ疲れ果てたあなた私の幻を愛したの眠れぬ夜は星を数えてみる光の糸をたどれば浮かぶあなたの顔誕生日にはカトレアを忘れない優しい人だったみたいけれどおしまい夜更けの電話あなたでしょ話すことなど何もない Making good things better 愛は消えたのよ二度とかけてこないで疲れ果てたあなた私の幻を愛したの出逢った頃はこんな日が来るとは思わずにいたMaking good things betterいいえすんだこと時を重ねただけ疲れ果てたあなた私の幻を愛したの
CAT'S EYE(kyattsuai);杏里;都会(まち)はきらめくpassion fruitウインクしてる every night グラスの中の passion beat一口だけでfall in love 甘いメロディ風にのれば今夜秘密めいた扉がどこかで開くよ見つめる Cat's Eye magic play is dancing緑色に光る妖しくCat's Eye magic play is dancing 月明かり浴びてwe get you…you…you…you…mysterious girl Bell を鳴らせば passion time 終わりを告げる every night 青いドレスの sexy girl 口づけしては幻古いピアノ風にのれば夜明け愛を映すミラーがどこかで割れるよ魅かれてCat's eye magic play is dancing 緑色に光る迷ってCat's eye magic play is dancing月明かり浴びて we get you…you…you…you…見つめるCat's eye magic play is dancing緑色に光る妖しくCat's eye magic play is dancing月明かり浴びてwe get you…you…you…you…mysterious girl魅かれてCat's eye magic play is dancing緑色に光る迷ってCat's eye magic play is dancing月明かり浴びてwe get you…you…you…you…
悲しみがとまらない(kanashimigatomaranai);杏里;I Can Stop The Loneliness こらえ切れず悲しみがとまらない I Can Stop The Loneliness どうしてなの悲しみがとまらないあなたに彼女会わせたことをわたし今も悔やんでいるふたりはシンパシィ感じてた昼下がりのカフェテラスあの日電話がふいに鳴ったのあの人と別れてと彼女からI Can Stop The Lonelinessどうしてなの悲しみがとまらない誤解だよってあなたは笑うだけどkissはウソのにおい抱きしめられて気づいたの愛がここにないことを恋はちいさなアラシみたいに友だちも恋人も奪ってI can Stop The Loneliness彼を返して悲しみがとまらないI Can Stop The Lonelinessだれか救けて悲しみがとまらないI Can Stop The Lonelinessこらえ切れず悲しみがとまらないI can Stop The Loneliness どうしてなの悲しみがとまらない
SUMMER CANDLES(samakyandoru);杏里;近すぎて見えない奇蹟があるね広い宇宙(そら)の片隅ふたり愛し合えるこの時よ若すぎた恋にあぁ傷つくたびにあなただけはいつでも変わらずにいてくれたの流れ星たちがほらこぼれてゆくよ願いかなえながら人の心へいつまでも Summer candles新しい明日を抱きしめて Summer candlesくちづけで灯(とも)すこんなに深い涙を知ったのあなたに愛されたから夏の切なさがあぁ黄昏つれて立ちどまればあなたが一番優しかったわ時間(とき)の銀河に咲く白い花びら長い髪に飾り夢の静寂(しじま)へいつまでも Summer candles 美しい明日へ抱きしめて Summer candles導いてほしいこんなに熱い想いを知ったのあなたを愛した時に幾千の胸に眠っている星が輝きを放つとき奇蹟がいまふたりを呼び合ういつまでも Summer candles新しい明日を抱きしめて Summer candlesくちづけで灯(とも)すこんなに深い涙を知ったのあなたに愛されたからこんなに熱い想いを知ったのあなたを愛した時に
夏の月(natsunotsuki);杏里;本を読んでも眠れない夜あなたの背中を見てた重い硝子の窓を開けたら気持ちいい風が吹いたいつからか気がつけば頬づえついてぼんやりしている古い灯台白い波光る海何かを探すように月だけが知っていた私達のこの恋はいま小さな花火みたいにひっそりと終わるのふたりよく来た葉山の砂に足跡残し歩いたボトルのままの冷えたミネラルおでこにつけて思った優しさも我が儘も弱さも全部わかって私はあなたを愛しなにひとつ怖くないそんな自分怖くて体の温もりに変わらないこの暮らしに甘えあってお互いがだめになってしまうのなら別々に生きていくだれも知らない明日をまだ私も知らない私見つけだしてみたいふたりきりこのままで黙ったままであの星祈ろう旅路のような長い夜明けたとき微笑みあえるように時計を戻しても悪いところ直してもきっとふたり同じこと繰り返してしまうのでしょう夏の月が見ていた私達のこの愛はいま小さな花火みたいに美しく心に月だけが見ていたふたりのこの恋を
砂浜(sunahama);杏里;ボクは悲しみの夜や淋しい夜更けはいつも砂浜で膝を抱えて眼を閉じてみる寄せる波を聴きながらいろんな事考える少年の頃の心何処に行ってしまった君の小さな誤ち許す事できないで大切な人を一人失くしたんだあの頃皆見せかけの恋や形だけの愛ばかりもう一度君に逢えたらこの海見せたい忙し過ぎる時間と人と人との間で落とし物してきた様な想いしたらまた来る海よ元気でいろよと強く生きろとひとつ言ってくれそして夕陽で照らしておくれ
スノーフレイクの街角(sunofureikunomachikado);杏里;人は愛に出逢うたび優しくなってゆくものね抱きしめるようにずっとあなた見つめていたい風のキャロルが聴こえる粉雪の都会(まち)やがて白い森へ魔法をかけるよCatch meどんな時も離さないでね夢もふたりならかなえてゆけるわこんな別れが来ること気づかずにキスしていたね淋しさを振りきるよう列車に飛び乗ってた長いトンネル抜けると吹雪の街へ時間(とき)は切なささえ想い出にするねCatch meもしもここにあなたがいれば頬ちぎる風も優しいのでしょうCatch meどんな人があなたのそばで静かに 眠るの？私ひとりきり Catch me 涙はほらさまよいながら遠い夢に降る粉雪の memories
ドルフィン・リング(dorufinringu);杏里;いつも夢を追いかけながら走りつづけてきたどんな時も暖かい言葉をかけてくれた車とばし少しずつ思い出甦る答えならばただひとつ波の音響いてるAhいつでも出逢いの場所は輝いて君の一番好きなこの海と約束の指輪で永遠の愛を誓うとPlease Marry Me!ドルフィン・リング小さく光ってはたくさんの涙を吸い取るほど輝きましてゆくの宝物よ幸せ呼ぶ伝説のイルカたちの群れが水しぶきの聖水で陽気に祝ってくれるAh人の言葉を越えて無限の力に惹かれたの Darlin'二人生きてゆく勇気と愛を教えてくれた Please Marry Me!ドルフィン・リング少し灼けた薬指すべる喜びの瞬間を心に刻んでゆく永遠にPlease Marry Me!Please Marry Me!抱きしめてたあの時とI Will DoYes I Will Do同じ強さで支えていてYes I Will Do
ALL OF YOU(oruobuyu);杏里;あぁ見上げた夜空に煌めいてた風の星座泣きたくなるからじっとこのまま高鳴る胸の音を聞かせてあぁあなたがこの街見果てぬ夢賭けるのなら私淋しさを越えて帰るわ遠くで抱いていてねAll Of You切なさがつのるほど愛は美しく燃えてあぁ人生に出逢う流れる時間にあなた心負けないようくちづけを刻んで…もう送らなくていい私運ぶ翼やがて星に消えてゆく幻になる燃える想いを闇に滲ませあぁ夢に破れてもその輝き失くさないでぬくもりの深さ忘れやしない信じているわずっと All Of You淋しさより愛した喜びを生きてゆくわあぁあなたのすべてを儚く髪をくぐる指先に街の灯抱きしめて永遠に…All Of You切なさがつのるほど愛は美しく燃えてあぁ人生に出逢う流れる時間にあなた心負けないようくちづけを刻んで…
思いきりアメリカン(omoikiriamerikan);杏里;窓をあければサンタモニカの海軽くはおるパーカーはマリン・ブルー今ごろあなた私のエア・メール受けとって何もかも気づく頃知っていたのそうよ私を抱きしめてもいつもあなた違う誰か想っていたのね思いきりアメリカン好きな香り選んで出かけるわ誰よりも今自由にヴァケイション思いきりアメリカン私は気ままな風だからさりげなく手をふるわこれであなたにさよならゆれる palm tree 軽い足どりで歩き出せば聴こえるわNew Song思い出したの素顔のままで太陽に手をかざすまぶしさを旅に出るといろんなことが見えてくるわだからあなたさがさないで私は変わるの思いきりアメリカン好きな香り選んで出かけるわコンサートへ一人きりのヴァケィション思いきりアメリカン私は気ままな風だからさりげなく手をふるわこれであなたにさよなら…
I Will Be There with You ～あふれる想い(aiuirubizeauizuyuafureruomoi);杏里;I'll fly to you叶えよう明日へ続く空へあなたと希望を胸に飛び立つとき優しさをありがとう信じてくれたいつも夢抱いたその時から始まってる未来開いてく勇気を笑顔でつないでゆくあなたへと忘れない見上げた空厚い雲覆われて遥か上には青い空と星空が続くこの手で変えてく未来をSo I Love Youいま伝えてくあふれる想いをI sing my heart with youI'll fly to you叶えよう明日へ続く空へ越えていけると信じてるひとりじゃない見守ってるあなたがいる
Dancing with the sunshine(danshinguuizuzasanshain);杏里;陽気にはしゃげば Sexy 悩みもいつしか Easy 渚を あなたの部屋にすることね…潮風が吹いて Relax あなたのハートは Deluxe 真赤な くちびる燃えるままに恋して… dancing with the sunshine dancing with the moon Ah,Ah, すてきな時よ dancing with the moonlight dancing with the sun Ah Ahあなたの気分次第恋しているのが Healthy くよくよするのは Lazy電話を あなたのベッドにしないで…いつものあなたが Natural 明日にも起こるわ Magical 太陽が 西へと沈む時も恋して… dancing with the sunshine dancing with the moon Ah,Ah, すべてこの世は dancing with the moonlightdancing with the sunAh Ah あなたの思うままにdancing with the sunshine dancing with the moon Ah,Ah, すてきな時よ dancing with the moonlight dancing with the sun Ah Ahあなたの気分次第 dancing with the sunshine dancing with the moon Ah,Ah, すべてこの世は dancing with the moonlight dancing with the sun Ah Ah あなたの思うままに
コットン気分(kottonkibun);杏里;風は私の香りを運んであなたの窓辺に行くのそうよ生まれたばかりの Good day sunshine コットン気分でコットンコットンコットンコットンコットン気分で渚カモメ空と海そんな季節やって来た水平線南の誘惑Ah フロリダブルーのときめき今はこの恋夢中よ風は私の香りを運んであなたの窓辺に行くのそして不思議な気持ちが訪ずれるコットン気分できっときっときっときっとコットン気分で遠く知らない国から流れてくるのよ Radio Surfside Sixtyなつかしい想い出Ah小麦色の肌素足で駈けてゆくのよ砂浜私あなたの香りで包んでそして抱きしめてほしい飾らずに自然のままでいたいコットン気分でそっとそっとそっとそっとコットン気分で風は私の香りを運んであなたの窓辺に行くのそうよ生まれたばかりのGood day sunshineコットン気分でコットンコットンコットンコットンコットン気分で
I can EVER CHANGE YOUR LOVE FOR ME(aikyantoebachenjiyuarabufomi);杏里;わかっていたわ今朝の電話あなた笑っていたけれどほんとの気持ちつかめぬほど想いはすぐに消せないたとえ二人は今日かぎりとあなたに告げられてもいいただいつもと同じに逢いたいOh I can ever change your love for me鏡の前でいつも通り髪をとかしてOh You can ever love me once again あなただけの私にそっとさよならいつも通りに送って欲しいあなたの車そしてこの道出来る事ならあの信号がこのまま青にならないでそうよたぶん今のあなたに私はついて行けないわきっとこれから一人で生きてみるOh I can ever change your love for me消えて行く車に小さく手を振りながらOh You can ever love me once again気をつけてと最後にそっと祈るわOh I can ever change your love for me鏡の前でいつも通り髪をとかしてOh You can ever love me once againあなただけの私にそっとさよなら
気ままにREFLECTION(kimamanirifurekushon);杏里;(Break Out!) ハートはもう気ままに Reflection!(Break Out!) あの夏へと 気ままに Reflection!(Break Out!) 運命なの 気ままに Reflection!風が通るテラス あなたと二人きり Hold me tightお互いそれぞれに待つ人がいるけれど Hold me tightひとときだけ愛してあやまちでもいいのよめぐり逢えた今だけ…(Break Out!) 南の島 気ままに Reflection!(Break Out!) 風に吹かれ 気ままに Reflection!(Break Out!) ハートはもう気ままに Reflection!(Break Out!) パラダイスね気ままに Reflection!(Break Out!) あの夏の日二人 別れたきりだった Love me tight 少しやせた頬は 誰のためとジェラシー Love me tight後悔した何度も涙声になりそうもう一度だけ We'll be lovers(Break Out!) ウインクして気ままに Reflection!(Break Out!) 投げkissで 気ままに Reflection!(Break Out!) ハートはもう気ままに Reflection!(Break Out!) さよならへと気ままに Reflection!(Break Out!) Hum・・・気ままに Reflection!(Break Out!) さよならへと気ままに Reflection! (Break Out!)
LANI ～Heavenly Garden～(ranihebunrigaden);杏里;本当の愛はなぜ小さく輝くの？いくつもの優しさを重ねて育てるからこの気持ちへと続く道は遠くてあきらめかけてはふたりで泣いたね胸の中に眠っている楽園に気づいて for youあなたの流す涙はそのまま私のものになるすべて分けてほしいの見たこともないものが世界にあふれてた飾らない言葉ほど心を揺らすことも絶え間なく降り注ぐ金色(きん)の陽射しがオーロラのようにふたりを包むよあなたのため生きてゆける愛は強さなの for me宝石よりも宝石に見える微笑みをあげたい離さないで心を空と大地が溶けて朝が訪れるたびにねえ少しずつ優しくなれたなら胸の中に眠っている楽園に気づいて faraway あなたの流す涙はそのまま私のものになるすべて分けてほしいの
Last Summer Whisper(rasutosamauisupa);杏里;夏の雨上りの街にそっと灯りまたたきだす別れの後で電話をしたことをゆるして欲しいけどねえもう一度だけあの店で会いたいそれで終りにするBaby love again二人の愛はもどりはしないけどBaby love againせめてあなたをにくみたくはないの好きな香りつけてきたの夏の黄昏によく似合うわあの日のままで話をして欲しい海の好きなあなたねぇ私はずっと頬づえつきながら聞いてるだけでいいBaby love againやさしさだけが重すぎただけなのBaby love againせめて笑ってこの夜終らすわ明日から二人別々の日々でもこの街のどこかでね生きてるかぎり会える気がするのよその時は笑顔でBaby love again 二人の愛はもどりはしないけどBaby love againせめてあなたをにくみたくはないのにくみたくはないの…
愛してるなんてとても言えない(aishiterunantetotemoienai);杏里;夜更けのどしゃぶりネオンサイン浮かべ流れてゆく夏なのに震えてきっとあなた来ない気がしていたどんなルールも私たちに色褪せていた今夜までは何故なの?それを越えられなくてひとりよりも淋しいわこれが運命なの?愛してると泣いたら結ばれるの?You love me心を救う優しさは罪知らない街角肩を抱かれ歩くやるせなさよあなたの家に車停めて窓の灯りを数えながら扉を叩く勇気のかけら激しい雨に捨てようこれが運命なの?愛してるなんてとても言えないわI love you 痛みは愛を追いかけた罰これが運命なの?愛してると泣いたら結ばれるの?You love me心を救う優しさは罪これが運命なの?愛してるなんてとても言えないわI love you 痛みは愛を追いかけた罰
雨よりせつなく(ameyorisetsunaku);杏里;もしも偶然あなたに会えたら言い忘れた気持ちを伝えようとずっと思ってた突然の雨駆けだした人の中に見つけた通りの向こうあなたが空を見上げ立ってた永すぎたの約束ひとつもできずSay Good-Bye大切な人さえ大切にできなくなってた車途切れた通りを渡って声をかけた思わず薬指に指輪探してた雨を逃れた人でにぎやかなカフェはいっぱいで肩をすくめたあなたの瞳見たら気づいたのよ何もかわらないあなたと変わりたがった私とひとつになれないこと私たちは何を守ろうとしたの？Tell Me Why?失ってふたりでいることの重さを知ったの愛してた今なら言えるのにTime Has Passed By懐かしい肩先に触れたら泣きたくなった再会が教えてくれた雨よりふたりせつないね通り雨がすぎた雲間から射したGolden Ray想い出が色あせないうちに歩きだすのよお互いの輝き映らない瞳でもう二度と恋は始まらない悲しいけれど再会が教えてくれた雨よりふたりせつないね
シルエット・ロマンス(shiruettoromansu);大橋純子;恋する女は夢見たがりのいつもヒロインつかの間の鏡に向かってアイペンシルの色を並べて迷うだけ窓辺の憂い顔は装う女心茜色のシルエットあああなたに恋心ぬすまれてもっとロマンス私に仕掛けてきてあああなたに恋模様染められてもっとロマンスときめきを止めないであなたのくちびる首すじかすめ私の声もかすれてた無意識にイヤリング気づいたらはずしてた重なりあうシルエットああ抱きしめて身動き出来ないほどもっとロマンス甘くだましてほしいああ抱きしめて鼓動がひびくほどにもっとロマンス激しく感じさせてあああなたに恋心ぬすまれてもっとロマンス私に仕掛けてきてあああなたに恋模様染められてもっとロマンスときめきを止めないで
たそがれマイ・ラブ(tasogaremairabu);大橋純子;今は夏そばにあなたの匂いしあわせな夢におぼれていたけれど夕立ちが白い稲妻つれて悲しみ色の日ぐれにして行ったしびれた指すべり落ちた珈琲カップ砕け散って私はただあなたの目を言葉もなく見つめるだけさだめといういたずらにひきさかれそうなこの愛今は冬そばにあなたはいない石畳白く粉雪が舞い踊るひきさかれ愛はかけらになってそれでも胸で熱さをなくさない凍える手でひろげて読む手紙の文字が赤く燃えて私はもうあなたの背にもたれかかる夢を見てるさだめといういたずらにひきさかれそうなこの愛
愛は時を越えて(aihatokiwokoete);大橋純子;あなたの鼓動が優しく私を包む言葉はもう何もいらない微笑み見つめ合うの星のまたたきほどはかない命をもっと燃やしたいの生まれてよかったと今初めていえるからあなたとめぐり会えた喜びが私を励ますのよ時を越えていつも心はあなたと生きてゆく彷徨(さまよ)った日々も未来に流す涙も肩を並べ見上げる空にあなたは消してくれる背中をそっと押されながら光りのなかへ歩き出すわ私の行く道が遠くまで続いているあなたと会えなくなる日が来ても私は忘れないわ眩しすぎるこの瞬間をあなたと見つけたことああ誰かを愛した輝きが明日を変えてゆくの逃げださない何があっても一人きりじゃないからあなたとめぐり会えた喜びが私を励ますのよ時を越えていつも心はあなたと生きてゆく
サファリ・ナイト(safarinaito);大橋純子;熱い砂けむり上げて走るジープを見たよそれは恋に憑かれた悲しいハンター渇いた都会はまるで草も生えないサバンナ失くした何かがめざめる午前0時サファリ・ナイト男と女はサファリ・ナイトさびしいめぐりあわせね追われる方も追う方も傷つけあわずに生きてゆけないなんてアスファルトに降る雨はすぐに乾く都会の涙光るライフル向けて強くひきがね引けばビルのすきま狙ったあのひとはいない痛み出してから知った傷の深さがせつない夜空の星ひとつ撃ちおとせないままサファリ・ナイト男と女はサファリ・ナイトさまよう悲しいけもの追われる方も追う方も愛しあい方をなぜか知らないなんてアスファルトに降る雨はすぐに消える私の涙サファリ・ナイト男と女はサファリ・ナイトさまよう悲しいけもの追われる方も追う方も愛しあい方をなぜか知らないなんてアスファルトに降る雨はすぐに消える私の涙
シンプル・ラヴ(shinpururabu);大橋純子;シンプル・ラブ考えすぎねあなたシンプル・ラブ心の向くまま私の腕が居心地いいのならそっと包んであげるシンプル・ラブ生きてる悩みなんかシンプル・ラブ此処では忘れて触れあう指が心の音楽を奏でてくれるのです朝露に光る野バラに安らぐ蝶のようあなたと二人季節のたわむれの中で幸福ならばいいの何もいらない不確かな言葉はぬくもりだけが欲しいため息は街に煌めく青い木の葉のよう あなたと二人季節のさざ波の中でゆらゆら揺れて踊るシンプル・ラブ考えすぎねあなたシンプル・ラブ心の向くまま私の腕が居心地いいのならそっと包んであげる
クリスタル シティー(kurisutarushitei);大橋純子;ブルーグレイの空に消える星座は夜明けを告げるイルミネーションインクの匂い新しい新聞に並んだニュースまだ眠たそうTake a little shine数えきれない顔を持っている街はブリリアンカットそのひとつひとつがキラキラとやがてきらめくの52階のスカイ・レストランにも暗いあの地下鉄の駅にも同じひとつの朝がめぐってくるのそして街は今日も新しいいつでも探してる見えない何かをLet me fly, Let me flyさまざまな人生知りながら 街は何も言わないすべてそのままに受け止めて今日も暮れてゆく走る高速道路は光の帯ねこのまま行けばマンハッタン軽いリズムですぎてゆく日々の中このきらめきひとつあればいいここはいつでも不思議な街クリスタル・シティーそうよ今日もあなたを待ってるここはいつでも不思議な街クリスタル・シティーそうよ今日もあなたを待ってる
Sweet Love(suitorabu);大橋純子;朝焼けの中であなたの寝顔みてるとなぜか信じられないの幸せすぎて不安になるわ胸が熱くなるその髪にふれただけで愛を確かめながらそっと唇重ねてみるのああこんなにも輝いて見える街の風景そうゆるやかに流れてく時を感じてる今I'm just falling love with youめぐり逢えたから憂鬱な雨の日も好きよ街灯り揺れて心まできらめいてるみたい甘いささやきに息もつけないほどなの2人抱き合ったまま濡れていいのよ離れたくないああいつまでも降りしきる雨に時を忘れてもうこれ以上なにも望まないあなたがいればI'm just falling love with youもしもこの恋に終わりがあるとしてもきっと忘れはしない人を愛するステキなことをああこんなにも輝いて見える街の風景そうゆるやかに流れていくときを感じている今I'm just falling love with you
大人の恋をしましょう(otonanokoiwoshimashou);大橋純子;不思議ねこんなところであなたとまた逢うなんてロマンティストに偶然はないのこれは運命いろんな事があったわ消せない傷もあるけど若い頃よりいい女でしょう？今の私照れずにお願い何か話してよ胸のときめきを聞かれてしまいそう大人の恋をしましょう上手に愛せなくても生きているって素晴らしいじゃないそれでいいのあなたの笑顔が青空に溶ける世界はいつでも光にあふれてた大人の恋をしましょう優しく時を重ねて生きてゆけたら素晴らしいじゃないそれでいいのねえ恋をしましょう
結婚(kekkon);大橋純子;一緒になりたいね一緒になれるとも貴方の口癖が嘘じゃなくなった日私は泣いた何故もっと早く言ってくれなかったのあの日雨は冷たくて貴方は傘を差しながらずぶ濡れ涙も今はにが笑いになる友だちは言ってくれた幸せになりなさいね貴女によく似合う人だとJUST MY LOVE 恋と結婚は違う思い出とは一緒になれない今はそんな日々が懐かしい私のとなりに居眠りの人がいるあのとき貴方より愛せる人はいないなんて思ってた心に残る後悔を隠してそれでも今は幸せになった友だちも同じように安らげる家庭を持ち静かな日曜日を待ってるJUST MY LOVE 愛は優しさを越えてわがままなどもう言えないけど今はおだやかな日々の中で私のとなりに居眠りの人がいるJUST MY LOVE 恋と結婚は違う思い出とは一緒になれない今はそんな日々が懐かしい私のとなりに居眠りの人がいる
ビューティフル・ミー(byuteifurumi);大橋純子;Oh, Beautiful Me! Oh, Beautiful City!恐々手をのばし腕にふれてみるやっぱりあなたが隣にいるのね優しいぬくもりがまるで嘘のよう都会の迷路でめぐり逢った愛ねぇ私子供の頃から一度もきれいと言われないけどきっと今夜は美しいはずあなたの愛の魔法でOh, Beautiful Me! Oh, Beautiful City!生まれてきてよかったきのうまで壊れた夢の散らばったつめたいこの街嫌いだったけど突然あたたかく輝いて見える知らない人さえとても愛おしいねぇ私はじめて気付いたそれぞれの窓に愛があるのねきっと私とあなたのように心を支えあってるOh, Beautiful Me! Oh, Beautiful City!胸があつくにじむわOh, Beautiful Me! Oh, Beautiful City!今はじまる人生
大空と大地の中で(oozoratodaichinonakade);大橋純子;果てしない大空と広い大地のその中でいつの日か幸せを自分の腕でつかむよう歩き出そう明日の日に振り返るにはまだ若いふきすさぶ北風にとばされぬようとばぬようこごえた両手に息をふきかけてしばれた体をあたためて生きる事がつらいとか苦しいだとかいう前に野に育つ花ならば力の限り生きてやれこごえた両手に息をふきかけてしばれた体をあたためて果てしない大空と広い大地のその中でいつの日か幸せを自分の腕でつかむよう自分の腕でつかむよう
禁じられた夢の中で(kinjiraretayumenonakade);大橋純子;あなたのこと 愛し始め もう何も見えなくて平和だった胸の奥に 切なさが また目覚めるAh… 届かない 泣きたいくらい そう…この慕いをあなただけは 他の男性とはちがうたとえ 愛の形が禁じられた 夢の中閉じこめられてしまっても心は forever…あなたにあなたのこと奪えるなら 生き方は選ばない終わりのない愛があれば 倖せと引き換えてもAh… 解らない 愛することが そう…遠すぎてわたしだけが悲しくなるのは 何故たとえ 抱かれていても 禁じられた夢の中永遠なんて ないけれど心は forever…あなたにいつか 生まれ変わって あなたになれるのなら決して わたしのことを 離したりしないあなただけは 他の男性とは ちがうたとえ 愛の形が 禁じられた 夢の中閉じこめられてしまっても心は forever…いつも そばで
やさしい人(yasashiihito);大橋純子;あなたはいい人ね友達を紹介してくれる困った時は相談しろと救いの手さしのべてくれたちがうの(好きなのに)あなたは心を(好きなのに)読めないのあなたはとても残酷な人あなたは親切ね遠くから見守ってくれるわ他の誰かに捨てられた日も肩を抱き慰めてくれたやきもち(淋しいのに)やかせておこられ(淋しいのに)たかったのあなたはとても残酷な人
Rain(rein);大橋純子;生きてることは罪ですかどんなに優しい貴方だってきっと私だけで愛を終わらせないねェ 心は死ぬまで眠らないわ目を閉じれば哀しい色した空が見えたりときめく空が見えたりするの同じ空なのに 幾つもの姿があるわRain 貴方がにじんで見えなくなっても誰も恨まないわRainたとえ誰かに心奪われてもすべて許せる貴方への愛がいつもあるから生きてくための愛じゃない貴方と出逢ったあの喜び時がたつにつれてもっと深まってくねェ 貴方を守っていたくなるの歩きなさい決して自分に嘘をつかないで私はいつもそばにいるからどんな貴方でも変わらなく見つめられるわRain 夜更けの雨には希望があるのねすべて洗い流すRain たとえ誰かに 心奪われてもすべて許せる貴方への愛がいつもあるからRain 貴方がにじんで見えなくなっても誰も恨まないわRainたとえ誰かに心奪われてもすべて許せる貴方への愛がいつもあるから
サンバ・ソレイユ(sanbasoreiyu);大橋純子;赤い花を髪に飾っては坂の道をカーニバル急ぐ浜辺で見かけた あなたの姿きっとどこかで探しだすソレイユ… あなたが太陽ソレイユ… まぶしい太陽Ah Ah降り注ぐ光浴びて 生きるわ爪の先まで 愛で焦がしてめぐり逢いなら ただ一度よサンバ・ソレイユ!黄昏に燃えるわ コルコヴァドバルコニーで二人 見つめたいのどが渇いたら いやすのはもうそうよワインじゃないはずよソレイユ… あなたが太陽ソレイユ… まぶしい太陽Ah Ahこの世のすべてを 胸に抱きしめ踊り明かして 愛を誓うわめぐり逢いなら ただ一度よサンバ・ソレイユ!ソレイユ… あなたが太陽ソレイユ… まぶしい太陽Ah Ah降り注ぐ光浴びて 生きるわ爪の先まで 愛で焦がしてめぐり逢いなら ただ一度よサンバ・ソレイユ!
ペイパー・ムーン(peipamun);大橋純子;もっと酔わせてねあなたの胸で生きる辛さをね忘れさせてねペイパー・ムーンは裏町のパブペイパー・ムーンは別れ話にお似合いね心配しないで私なら明日の行方もヒラヒラ紙切れのような青春だわついてないのよねあなたと私星のめぐりがね合わなかったのでもいつかやるせない日にペイパー・ムーンでたまに逢えればいいじゃないペイパー・ムーンは裏町のパブペイパー・ムーンは淋しがりやの吹きだまりいつわりだらけの都会でももしも愛が真実なら銀紙の月も輝くはず生きていようよね駄洒落のようにいつか涙流して笑う日も来る淋しくて眠れぬ夜はペイパー・ムーンでたまに逢えればいいじゃない
ミスター・スマイル(misutasumairu);大橋純子;ミスター・スマイル あなたは何故微笑み忘れないの街で振り向く背中は淋しそうなのにミスター・スマイル あなたの事からかう人もいるわ何をされても静かに笑うだけだから心やさしい人ばかり損をする世の中だものさあ傷ついた魂をいまそばに来て横たえてそうなぐさめる やさしさはひとつだけ知っていますミスター・スマイル ごめんなさいあなたからの手紙に字が下手ねって思わず口を滑らしてきっと知らぬ間にあなたの胸を靴で歩いてたのさあ折れそうなロウソクにいま愛の灯を点しましょうそう木枯らしに吹かれても手のひらで守るのですいまそばにきて微笑んでそのお返しにくちずけをいまそばにきて微笑んでそのお返しにくちずけを
黄昏(tasogare);大橋純子;Love・・・ とぎれとぎれ青いメロディーLove・・・ 風に折れた細い小枝・・・Love・・・ 雨のステイション後姿Love・・・ 午前2時のあなたの顔波が洗うのは白い砂じゃなく・・・想い出・・・ Love ・・・ 白いカモメ 低く飛べば Love・・・ 二人の愛 あやうげで波が洗うのはねじを巻き過ぎた オルゴールLove・・・ 遠い街で暮らす人Love・・・ 聞かせたいの・・・alone・・・ again
恋の予感(koinoyokan);大橋純子;なぜなぜあなたはきれいになりたいの？その目を誰もが見つめてくれないの？夜は気ままにあなたを躍らせるだけ恋の予感がただかけぬけるだけなぜなぜあなたは「好きだ」といえないの？届かぬ想いが夜空にゆれたまま風は気まぐれあなたを惑わせるだけ恋の予感がただかけぬけるだけ誰かを待ってもどんなに待ってもあなたは今夜も星のあいだをさまよい流されるだけ夢のつづきをまたみせられるだけ風は気まぐれあなたを惑わせるだけ恋の予感がただかけぬけるだけ
君は1000％(kimihasenpasento);1986オメガトライブ;君は微笑みだけで海辺のヴィラ夏に変えてく僕のイニシャルついたシャツに着換え何故走りだすの熱いこころの波打際へと近づく僕の誘いかわして君は1000％欲しいよ素直な瞳で君が見た夢ならIf you give me your heart 入江にうかぶ物語目を閉じた Endless Summer君のいない時間にかけた電話何故か言えない少し勇気をだして待ち伏せした今渚はトワイライトもしも君だけ夜にまぎれても銀の涙は僕に返して君は1000％輝くハレーの雫をその髪に散りばめIf you give me your heart陽射しも溶けるフォトグラフここだけが Brand-New Summerしなやかな仕草と渡されたカクテル恋のめまいのみほす君は1000％欲しいよ素直な瞳で君が見た夢ならIf you give me your heart入江にうかぶ物語目を閉じた Endless Summer君は1000％輝くハレーの雫をその髪に散りばめIf you give me your heart陽射しも溶けるフォトグラフここだけが Brand New Summer
Super Chance(supachansu);1986オメガトライブ;Off shore 琥珀色(ぎんいろ)の細波(さざなみ)が海の背を走るSun set傾いた甲板(デッキ)にも西風さ夏が終わる口説かせる隙(すき)を君は一度も見せないねAh Super Chance悪戯っぽくウインクしたね「嫌いよ……」とAh Super Eyes 水しぶきで君が隠した涙きらめいた8月Moon light真夜中のプールまで誘ったよ最後の夜Kissしても怒らないとささやいた背中さAh Super Chance髪をほどき爪先たてて背伸びしたAh Super Eyes短かすぎる二人の夏は君の嘆きだけ残した臆病なひとだねこの胸飛び込めない……Ah Super Chance夏の幻(ゆめ)が青い水面で手を振るよAh Super Eyes逢えたことを忘れないでと君は眼を伏せたAh Super Chance悪戯っぽくウインクしたね「嫌いよ……」とAh Super Eyes水しぶきで君が隠した涙きらめいた8月Ah Super Chance夏の幻(ゆめ)が青い水面で手を振るよAh Super Eyes逢えたことを忘れないでと君は眼を伏せた
Miss Lonely Eyes(misuronriaizu);1986オメガトライブ;桟橋(さんばし)かすめて沖へ降りる水上飛行船(WATER PLANE)翳(かざ)した手のひら風が震えた夏のヴァカンスが終わりかけた午后さもう逢えないねって謎をかけた女長いキスの途中手首つかんで「ごめんね…」ってウインクしたWhy, Won't You Tell Me Why約束するのは嫌いと誰かが君の口を塞(ふさ)ぐMiss Lonely Eyes好きだとささやく素肌は秘密の甘い香りがした海岸道路のハイウェイゲートまで君を送ったよカブリオレ連ね陽に灼けた腕をうしろへと回してドア越し口づけを優しく避けたね街に帰る時の君がいちばん綺麗だって気づいたよI'm Just A Fool In Love夏中恋していたのは八月が見せた幻さMiss Lonly Eyes波打際から振り向く君の姿が海に溶けた風の色も変わってくね夏が終わるのさ…Miss Lonly Eyes眩(まぶ)しい陽射しを素直に君がいちばん感じていたI'm A Fool In Love僕だけ残った渚に君の噂が今届いた
Cosmic Love(kozumikkurabu);1986オメガトライブ;Tonight 街明かりの中にSo much車のヘッドライトが重なり思い出が走るあの時はTriangle love に君だけ Tear drops瞳かげらせこの部屋から立ち去った若さだけ僕達は信じて他の生きかたを選べたBaby come back なぜ君を止めずにBaby come backSllence言葉も探せず痛みだけ残したあの日Love僕達の未来はControl生まれかわるよ感じる宇宙のEnergy悲しみの渚に君の影悪いのは僕の方だねBaby come backさあ涙をふいてBaby come backほら地平の果てまで君の愛を見つけ出すよWe can believe in Cosmic Love
Navigator(nabigeta);1986オメガトライブ;土曜日の purple harbor 人波が君に surf breakいつもより shadow深い翳る瞳に途惑うさり気なく出会う今夜の movement夏服の胸が君を何故か大人に見せるCan I write our love storyいつも君は愛の Navigator僕の心静めてほしいのにI do I believe I love you二人でいる夜を Navigation僕の願いその唇だけで答えほしい『私貴方の事を嫌いになれないわ』とつぶやいたその時に長いまつげが光ったsailだけおろして休む間に入江の波間に君はそっと思い出投げたCan I write our love storyYou always used to play the game of love, NavigatorTell me how can I doto make you change your mind and fill my heatI do, I believe I love youNights when we're together's gonna be NavigationNeed you near, here with me to say that I'm the only one for youAnd we were meant to beCan I write our love storyいつも君は愛の Navigator僕の心静めてほしいのにI do I believe I love you 二人でいる夜を Navigation 僕の願いその唇だけで答えほしい
Older Girl(orudagaru);1986オメガトライブ;黄昏の街角君にダイアルする返事はテープの声むなしくもどかしい夕辺別れる時君はささやいたね今日の続きを明日に生かしてと年上の人だけどせつない瞳で僕を見る言葉を選ぶ度はにかんですねてるI don know why 君の気持誰よりつかめたはずと帰りの Free wayだけは流星を飛ばすのさ一人でいられない僕は君を探すいつか教えてくれた秘密の19 century bar店の奥の隅でドアに背中を向けGlass見つめて濡らしたその瞳年上の人だけど危い愛感じるよStyle of my love朝までに見つけだす奇蹟をSweet in your heart今夜こそは抱きしめ離しはしないためらう君のため街明かり消してゆく年上の人だけどせつない瞳で僕を見る言葉を選ぶ度はにかんですねてるSweet in your heart今夜こそは抱きしめ離しはしないためらう君のため街明かり消してゆく
Crystal Night(kurisutarunaito);1986オメガトライブ;バリーライトが君の影しなやかに写し出す黒いドレスで踊る Break dance 君だけ瞳(め)が行くよ Feel like crystal night 透きとおるリズムだけこの夜を飾るね次の曲終るまで気付かない素振りさシェリーグラスの冷(つめた)さが僕の胸落着ける今夜だけを誘うのならこんなに焦らないFeel like crystal night偶然の出会いこそ感じるDramatic sight醒めたこの都会(まち)だからもどかしさ残してI (Ah) love you (oh yea) 君のすべて Don you know (Ah) need you (oh yea) 奪いたいよFeel the beat (oh) and dance (with me)through the all night longWon't you share (oh) this night (with me)That's what I feel for youIt feels good so I don wanna loose youつかの間の僕の Weekend one wayにとびこむ恋人は肩寄せて街角に消えてくI (Ah) love you (oh yea) 君のすべてdon you know (Ah) need you (oh yea) 奪いたいよFeel the beat (oh) and dance (with me) through the all night long Won't you share (oh) this night (with me)That's what I feel for youIt feels good so I don wanna loose you
Night Child(naitochairudo);1986オメガトライブ; SUN SET――蒼いとばりがビルの谷間降りたらきらめく City Lights LADY――髪をほどいてサヨウナラも言わずに消えてく Station ぼくの知らない影君に近づき感じてた嫉妬(ジェラシー)胸に隠してMy honey, looking in my mindゆれる思い確かめたい気持ちでI miss you, searching in your heart素直なまま1度目のコールは suddenlyRing the bell sweet with loveMIDNIGHT――ふいに窓打つ通り雨に心を濡らして DialLONELY――たった一人で夜にむかいささやく君を見つけた真昼のオフィスレディ醒めた微笑(ほほえみ)今、あどけない声戸惑わせるよNight baby, cause I love you so時間(トキ)の隙間埋めてく恋の予感Forever, let me in your heart心の奥見つめる無邪気な瞳はLike a child live in nightLooking in my mind失くしてきたぬくもり甦えらしI miss you, searching in your heart出来るならば夜明けまで心からませLike a child over nightCause I love you so 予期せぬ愛もうベールは脱ぎ捨て Forever, let me be your heart いつかきっと僕の胸でそっとおやすみLike a child. Sleep in night
You Belong to Him(yubirongutouhimu);1986オメガトライブ;白いセンターラインあざやかに夜へ飛び散る君をつれ出すチャンス僕は今手に入れたキャビンのパーティーナイト目が合うたび止まらない想い But you belong to him口に出せない願いを乗せて走るSea sideHow can I say I love youアクセル踏んでざわめく噂振り切ったまるでガラスの迷路さふたつの恋は君はくちびるかみしめこころを決めるふいの涙に抱き寄せればひいてゆくジェラシーBut you belong to him打ち消しながら渚とばした夏の日々How can I say I love youかすかな予感伏せたまつ毛に煌(きら)めいた海を見つめて戻れないと君はつぶやいたWould you believe my heart信じていたよ蒼く波立つ君の胸I'm gonna say I love you夏の記憶にジェイド降ろして振り返るBut you belong to him打ち消しながら渚とばした夏の日々How can I say I love youかすかな予感伏せたまつ毛に煌(きら)めいたWould you believe my heart信じていたよ蒼く波立つ君の胸I'm gonna say I love you夏の記憶にジェイド降ろして振り返る
Aquarium in Tears(akuariumuinteiazu);1986オメガトライブ;ペントハウスの窓に射(さ)す街の灯(ひ)で君抱きしめた…悲しく泳ぐ人魚が映(うつ)ってるガラスの中に海へ続いてくハイウェイを見下(お)ろして君はごめんねとひとことだけつぶやいたAquarium愛で君を縛(しば)り閉じ込めたねAquarium青い水にそっと放してあげるさあ帰って行きなよきらめいた波間へ傷つきたくて君はこの街角戻って来たの白いクーペから差し出した左手に握ってた指環アスファルトに音たてたAquarium僕の涙だけであふれてくねAquarium君のいない長い夏が始まる…ただ僕の影ひとつ動かない舗道さAquarium愛で君を縛り閉じ込めたねAquarium青い水にそっと放してあげるいま君が切る波が僕の頬濡らした
North Shore(nosushoa);1986オメガトライブ;指先を風に立て日没(ひぐれ)まで波待ったボードの影消えても砂だけが熱いね君のため息で移動(うご)く波打際さ細い背中だけが時間(とき)止めてる黄昏の渚より淋し気な瞳だね哀しい過去(きのう)海に棄てに来たひとだと見かけた時から気づいていたよずっと理由(わけ)話してみなよ…よければNorth Shore青いスロープ眼を細めチューブくぐる幻(ゆめ)のビッグ・ウエンズデー君の手のひら放れた想い出が指環みたいに煌(きら)めいて消えてく…先に帰った君に教えたフライト・ナムバー十月のエアポート恋は始まったね週末ごと君抱きしめ過ごした部屋夏のカレンダーに変わったNorth Shore波のようにしなってく灼けた肌がまぶしすぎて秋にひとりであの海岸(うみ)イ飛(と)びたつと愛し合うたび言い出せないままさ
21 Candles(touenteiwankyandoruzu);1986オメガトライブ;君は頬染め吹き消すキャンドルライト今夜僕と同じ21はじけ飛ぶクラッカーはしゃいだ仲間達と君に送る Congraturation シャンパン・グラス傾けて微笑む君はひとつ謎深めて輝くTake a chance素敵な未来も今日の日がはじまりさ今出逢えた奇跡思うMake Romance真夏に生まれた君を近く感じてもう三度目のBirthdayまだ何も言い出せない不思議テラスを開けて君を誘った月の庭に誰も気付かないMoonlight Kiss一度だけ僕に許して夜風ゆらすドレスしなやかTake a chance来年の今日はふたりだけで過ごすと今決めたよ胸の中でMake Romance飲みかけのキール君がそっと手渡す夜はじめてのBirthdayカードに綴る言葉を探すTake a chance素敵な未来も今日の日がはじまりさ今出逢えた奇跡思うMake Romance飲みかけのキール君がそっと手渡す夜はじめてのBirthdayカードに綴る言葉は秘密
Blue Reef(bururifu);1986オメガトライブ;気まぐれな風の噂まくブルーリーフ太陽が僕を刺激する渚瞳が合うたび高まるのさ胸騒ぎ波に足をとられるように魅かれてくMy summer girl 誘い出す夕陽に染まるビーチ強引なのねと肩をすくめすねてる Just dreamin' love 変わってく微笑(ほほえみ)のニュアンスがためらいは闇にまかせ指をからめた危しげな雲が朝から拡がるスコールが来てもきっと会いに行くごめん昨日(きのう)君に酔ってからまわり口唇さえ奪えないまま哀しいねMy summer girl眩しいよはにかんだ笑顔から送るときめきのサイン迷い消したよJust dreamin' love不思議だね恋人にみえるかとすれ違う人の視線急に気にしてMy summer girl濡れた髪砂を払うふりして口唇重ねた時に奇跡おきるよJust dreamin' love今夜こそ2人で感じる夏熱い吐息抱きしめて朝を迎える
真夜中のドア／Stay With Me(mayonakanodoasuteiuizumi);松原みき;(To you…yes my love to you yes my love to you you…to you)私は私貴方は貴方と昨夜言ってたそんな気もするわグレイのジャケットに見覚えがあるコーヒーのしみ相変らずなのねショーウィンドウに二人映ればstay with me…真夜中のドアをたたき帰らないでと泣いたあの季節が今目の前stay with me…口ぐせを言いながら二人の瞬間を抱いてまだ忘れず大事にしていた恋と愛とは違うものだよと昨夜言われたそんな気もするわ二度目の冬が来て離れていった貴方の心ふり返ればいつもそこに貴方を感じていたのstay with me…真夜中のドアをたたき心に穴があいたあの季節が今目の前stay with me…淋しさまぎらわして置いたレコードの針同じメロディ繰り返していた……stay with me…真夜中のドアをたたき帰らないでと泣いたあの季節が今目の前stay with me…口ぐせを言いながら二人の瞬間を抱いてまだ忘れず暖めてた
THE WINNER(jiuina);松原みき;眠りのない夜を数えきれず過ごした傷ついた痛みがただ一つの思い出I don WANT優しさはいらないI don WANTもう二度とは求めていた夢は今はただの幻誰かのささやきが心の中聞こえるI don WANT気休めはいらない I don WANT いつわりの愛もI GOT A BURNIN' LOVE蒼く輝く炎でこの悲しみを燃やし尽くす時までI GOT A BURNIN' LOVE愛は孤独な戦いその激しさが闇を突き抜ける勝利者などいない戦いに疲れ果て星空を見上げる泣く事もかなわないI don NEED昨日などいらないI don NEED朽ち果てた夢もI GOT A BURNIN' HEART胸を貫くスリルをただ追いかけて走り続けたい言葉に出来ない想いが凍えた心さえ熱くさせるI GOT A BURNIN' LOVE蒼く輝く炎でこの星空を覆い尽くす時までI GOT A BURNIN' HEART愛は孤独な戦いこの世界まで燃やし尽くすのかI GOT A BURNIN' LOVE胸を貫くスリルをただ追いかけて走り続ける今日もI GOT A BURNIN' HEART愛は虚しい戦い何故心まで奪い尽くすのか
ニートな午後3時(nitonagogosanji);松原みき;階段登る靴音だけであなたとわかる私だっただけどある日突然違う香りあなたの胸に見つけたのテーブル囲むお茶の時間に何げなく問いつめたFebruaryあなたはそうよ次の週には8F…この部屋消えていた忘れなさいよ涙のダイアリー春風吹いてる季節ならばI'm gonna feelNeat, Neat！ Everyday恋の数ほど女はNeat, Neat！ Everyday自由になれるわ未来を愛して愛してShe's just Neat！She's just Neat！いつかどこかでまた逢えるでしょやせがまんした私だっただけどある日突然 Bell が鳴ってあなたの声が聞こえたの愛の出逢いの西五番街もう一度待ってるよと April私は何故か次の瞬間私はいないと答えたの…薄れてゆくわ涙のメモリーズ歩道に花束まき散らしてI'm gonna feelNeat, Neat！ Everyday恋の数ほど女はNeat, Neat！ Everyday自由になれるわ未来を愛して愛してShe's just Neat！恋の数ほど女はNeat, Neat！ Everyday自由になれるわ未来を愛して愛してShe's just Neat！She's just Neat……
予言(yogen);松原みき;むし暑い夏の夜でした泳ぎ疲れた帰り道貴方のJOKEに付き合って星占いしてみたわ黒いベールの占い師が冬で終わりと言ったでしょこんなにうまくいってるのに貴方と笑いころげてたわね秋の匂いを感じる頃にひとつひとつが思い当たるの私恐くてたまらない予言は二人の未来を閉ざす冬がもうそこに来てるから予言のせいにはしたくないけれど貴方今日も荒れてるこの頃ケンカも増えたわね誰か好きなら言って下さい秋の陰りを感じる頃に一つ一つが思い当たるの私寒くてたまらない予言は二人の胸の内まであー木枯らしを吹き荒す秋の匂いを感じる頃にひとつひとつが思い当たるの私恐くてたまらない予言は二人の未来を閉ざす冬がもうそこに来てるから
倖せにボンソワール(shiawasenibonsowaru);松原みき;Bonsoir I'amour雨に煙った街でBonsoir I'amourさよならはまだだめよ……午前0時Hotel のBar で見かけた男と女名前も知らず歩けばただ雨が降るわ街の灯りがひとつ揺れてはふたつひびわれた心ふたつ合わせてひとつ……ひとときだけ燃えていたい昨日まで不倖せあなたに溶けてゆくわ倖せにBonsoir I'amourBonsoir I'amour煙草に火を点けてBonsoir I'amour消えるのをただ待つわ明日もまたあなたと出逢う夢に頬ずりして雨を払えばあなたの腕肩を抱くわ街の灯りがひとつ揺れてはふたつひびわれた心ふたつ合わせてひとつ……夜明けまで歩きましょう今が良ければいいの明日が無くてもいいの倖せにBonsoir I'amour昨日まで不倖せあなたに溶けてゆくわ倖せにBonsoir I'amour
Paradise Beach (ソフィーのテーマ)(paradaisubichisofinotema);松原みき;おいでParadise Beach Paradise Beach風の羽衣なびかせて砂時計みたいに心ばかりがサラ・サラあなたへと流れてもう止まらないの愛しあえば楽園あなたの腕の夢まくらおいで Paradise Beach Paradise Beach風の羽衣なびかせておいでParadise Beach Paradise Beach真珠の波に包まれて葡萄酒の小川と硝子の椰子がキラ・キラ好きだよと上手に嘘をささやいてどうせ醒める夢なら髪の先まで酔わせてねおいでParadise Beach Paradise Beach風の羽衣なびかせておいでParadise Beach Paradise Beach真珠の波につつまれて愛しあえば楽園あなたの腕の夢まくらおいでParadise Beach Paradise Beach風の羽衣なびかせておいでParadise Beach Paradise Beach真珠の波に包まれて
愛はエネルギー(aihaenerugi);松原みき;言い切るやさしさ覚えたみたいね物語のプロローグじゃ迷っていたのに夢をぬり変えた季節のいたずらそんなこともよかったのねあなたにとってはYou can dance, dancing in my heart軽やかな夢見つけたのYou can dance, dancing in my heart すべり始めるやさしさでhigher higher愛はエネルギー街角はいつも暖かい瞳哀しかったりする時の相談相手よ枯れかけた花に雨が降り注ぎ新しい顔であいさつアスファルト越しにI can dance, dancing in your heart同じ青空見つけたのI can dance, dancing in your heartすべり始めるやさしさでhigher higher愛はエネルギー私気づいたのこんなに近くにいたことそうよ幸福を運ぶ素敵なあなたバック・ボーンYou can dance, dancing in my heart軽やかな夢見つけたのYou can dance, dancing in my heartすべり始めるやさしさでhigher higher愛はエネルギーI can dance, dancing in your heart同じ青空見つけたのI can dance, dancing in your heartすべり始めるやさしさでhigher higher愛はエネルギーYou can dance, dancing in my heart軽やかな夢見つけたのYou can dance, dancing in my heartすべり始めるやさしさでhigher higher愛はエネルギーI can dance, dancing in your heart同じ青空見つけたのI can dance, dancing in your heartすべり始めるやさしさでhigher higher愛はエネルギー
Rainy Day Woman(reinideiuman);松原みき;紫の入江のように都会は季節の帆をたたんでるあなたより先に目覚めて寝顔を見つめて5分泣いたわグラスに半分のジン・ライム口移しに注がれたひと夏の光と影It's rainy rainy day微笑みより涙をIt's rainy rainy day選ぶ女がいてもいいIt's rainy rainy day 不思議だけど別れの日は決ってこんな雨の朝心など置き忘れても淋しさ重ねた夜はレザリアムこんな事ねえいつまでも続けていたって仕方ないもの誰かに聞かれたらあんな女こちらから捨てたよと言えばいいわIt's rainy rainy day舞い戻ってくるさとIt's rainy rainy day置き手紙破ってもIt's rainy rainy day髪を濡らす光る粒に誓って真剣な気持ち真珠のネックレスほどき濡れた舗道に並べるわさよならのアルファベットIt's rainy rainy day天気よりも雨がIt's rainy rainy day似合う女がいてもいいIt's rainy rainy day皮肉だけど旅立つ日に限ってこんな雨の朝
Jazzy Night(jajinaito);松原みき;吹き抜ける夜明けの風さよならの前ぶれあの人の車には見も知らぬ女の香り靴をぬぎアスファルト歩きたい木立の影からはハートの泣き声Jazzy Night泣かないわ何もかもケセラセラ……Jazzy Night 泣かないわ明日は明日の風満たされた約束に欠けてゆくブルー・ムーン切れてゆく地平線さしこんだままのキースーパーマーケットでも買えないわ過ぎゆく幻と愛のことばはJazzy Night欲しくない何もかもケセラセラ……Jazzy Night欲しくない明日は明日の風……Jazzy Night泣かないわ何もかもケセラセラ……Jazzy Night泣かないわ明日は明日の風……